{
  "timestamp": "2025-07-23 20:57:21",
  "device_info": {
    "gpu_name": "NVIDIA GeForce GTX 1650",
    "cuda_version": "12.1",
    "pytorch_version": "2.5.1+cu121"
  },
  "benchmark_results": {
    "optimized": {
      "gemv_b32_i64_o32": {
        "kernel": "CUDA_GEMV",
        "mean_ms": 0.024624976025894283,
        "median_ms": 0.010688000358641148,
        "p95_ms": 0.07580960318446159,
        "p99_ms": 0.15981951504945754,
        "min_ms": 0.004991999827325344,
        "max_ms": 0.2991360127925873,
        "std_ms": 0.0315219763849146,
        "samples": 2000
      },
      "gemv_b32_i64_o64": {
        "kernel": "CUDA_GEMV",
        "mean_ms": 0.04235577614884824,
        "median_ms": 0.012095999903976917,
        "p95_ms": 0.14745600521564484,
        "p99_ms": 0.15731488570570945,
        "min_ms": 0.006496000103652477,
        "max_ms": 0.7761920094490051,
        "std_ms": 0.04871345477368859,
        "samples": 2000
      },
      "softmax_b32_d64": {
        "kernel": "CUDA_Softmax",
        "mean_ms": 0.059247296028770505,
        "median_ms": 0.04105599969625473,
        "p95_ms": 0.17820799350738525,
        "p99_ms": 0.18768032595515252,
        "min_ms": 0.019680000841617584,
        "max_ms": 0.21939200162887573,
        "std_ms": 0.041830511446051113,
        "samples": 2000
      },
      "price_b32_a64_f32": {
        "kernel": "CUDA_PriceVectors",
        "mean_ms": 0.05726216000504792,
        "median_ms": 0.04444799944758415,
        "p95_ms": 0.17598080560564994,
        "p99_ms": 0.20976223543286324,
        "min_ms": 0.018688000738620758,
        "max_ms": 0.2666560113430023,
        "std_ms": 0.041545308810031704,
        "samples": 2000
      }
    },
    "baseline": {
      "gemv_b32_i64_o32": {
        "kernel": "Baseline_GEMV",
        "mean_ms": 0.11040817595482803,
        "median_ms": 0.07796799764037132,
        "p95_ms": 0.2027519941329956,
        "p99_ms": 0.22732800245285034,
        "min_ms": 0.004927999805659056,
        "max_ms": 0.5736640095710754,
        "std_ms": 0.0551369126225431,
        "samples": 2000
      },
      "gemv_b32_i64_o64": {
        "kernel": "Baseline_GEMV",
        "mean_ms": 0.08599102384201252,
        "median_ms": 0.06340799853205681,
        "p95_ms": 0.20749280005693435,
        "p99_ms": 0.2212198331952095,
        "min_ms": 0.007615999784320593,
        "max_ms": 0.7986559867858887,
        "std_ms": 0.05551890511137104,
        "samples": 2000
      },
      "softmax_b32_d64": {
        "kernel": "Baseline_Softmax",
        "mean_ms": 0.05727793595800176,
        "median_ms": 0.053247999399900436,
        "p95_ms": 0.1754239946603775,
        "p99_ms": 0.18761984542012214,
        "min_ms": 0.004575999919325113,
        "max_ms": 0.7603520154953003,
        "std_ms": 0.04476570688447945,
        "samples": 2000
      },
      "price_b32_a64_f32": {
        "kernel": "Baseline_PriceVectors",
        "mean_ms": 0.07857756791170686,
        "median_ms": 0.06828799843788147,
        "p95_ms": 0.19767519310116766,
        "p99_ms": 0.23835199683904645,
        "min_ms": 0.00854399986565113,
        "max_ms": 0.3007040023803711,
        "std_ms": 0.050395789304012936,
        "samples": 2000
      }
    },
    "speedup": {
      "gemv_b32_i64_o32": {
        "speedup_median": 7.29490971408276,
        "speedup_mean": 4.4835851145084895,
        "speedup_p95": 2.6744895846460905,
        "baseline_median_ms": 0.07796799764037132,
        "optimized_median_ms": 0.010688000358641148,
        "improvement_pct": 629.490971408276
      },
      "gemv_b32_i64_o64": {
        "speedup_median": 5.242063412319436,
        "speedup_mean": 2.030207722786608,
        "speedup_p95": 1.407150558252881,
        "baseline_median_ms": 0.06340799853205681,
        "optimized_median_ms": 0.012095999903976917,
        "improvement_pct": 424.2063412319436
      },
      "softmax_b32_d64": {
        "speedup_median": 1.296960244394144,
        "speedup_mean": 0.9667603383990314,
        "speedup_p95": 0.9843778116109456,
        "baseline_median_ms": 0.053247999399900436,
        "optimized_median_ms": 0.04105599969625473,
        "improvement_pct": 29.696024439414394
      },
      "price_b32_a64_f32": {
        "speedup_median": 1.5363570753822324,
        "speedup_mean": 1.3722424705037304,
        "speedup_p95": 1.123277009790102,
        "baseline_median_ms": 0.06828799843788147,
        "optimized_median_ms": 0.04444799944758415,
        "improvement_pct": 53.635707538223244
      }
    }
  }
}